{"cameraMode":{"drawMode":0,"name":"Shaded","section":"Shading Mode"},"sceneLighting":true,"audioPlay":false,"sceneViewState":{"showFog":true,"showMaterialUpdate":true,"showSkybox":false,"showFlares":true,"showImageEffects":true,"showParticleSystems":true},"in2DMode":false,"pivot":{"x":-0.7832969427108765,"y":1.4917666912078858,"z":-0.7999999523162842},"rotation":{"x":0.19996412098407746,"y":-0.37361231446266177,"z":0.0828278511762619,"w":0.9019799828529358},"size":11.486584663391114,"orthographic":true}