{"cameraMode":{"drawMode":0,"name":"Shaded","section":"Shading Mode"},"sceneLighting":false,"audioPlay":false,"sceneViewState":{"showFog":true,"showMaterialUpdate":true,"showSkybox":false,"showFlares":true,"showImageEffects":true,"showParticleSystems":true},"in2DMode":false,"pivot":{"x":-0.741364598274231,"y":0.21962419152259828,"z":0.3182325065135956},"rotation":{"x":-0.08205340802669525,"y":0.09224750846624375,"z":-0.007628223393112421,"w":-0.9923256635665894},"size":2.8578836917877199,"orthographic":false}